{
  "epoch": 408,
  "train_loss": 0.007259094078148151,
  "val_loss": 0.002409837305701027,
  "selected_params": [
    "midi_f0",
    "cutoff",
    "attack",
    "decay",
    "sustain",
    "release",
    "alpha",
    "noise",
    "sine",
    "sqr",
    "shape"
  ],
  "stats": {
    "midi_f0": {
      "mean": 0.4991534025937067,
      "std": 0.288038331093607
    },
    "cutoff": {
      "mean": 0.6303685703287173,
      "std": 0.25333950952831336
    },
    "attack": {
      "mean": 0.5005954099042075,
      "std": 0.28862241904358255
    },
    "decay": {
      "mean": 0.49770478803770885,
      "std": 0.28827201815341114
    },
    "sustain": {
      "mean": 0.501341694695609,
      "std": 0.28964628603744474
    },
    "release": {
      "mean": 0.4993755010672978,
      "std": 0.28859854394974843
    },
    "alpha": {
      "mean": 0.4986709088189261,
      "std": 0.28825719101956676
    },
    "noise": {
      "mean": 0.4990476349728448,
      "std": 0.28905999899494755
    },
    "sine": {
      "mean": 0.3756146479822147,
      "std": 0.23121312834165297
    },
    "sqr": {
      "mean": 0.3748615346734761,
      "std": 0.23137907459815737
    },
    "shape": {
      "mean": 0.4998960478101458,
      "std": 0.28879324767135184
    }
  }
}